{"cameraMode":{"drawMode":0,"name":"Shaded","section":"Shading Mode"},"sceneLighting":true,"audioPlay":false,"sceneViewState":{"showFog":true,"showMaterialUpdate":false,"showSkybox":true,"showFlares":true,"showImageEffects":true,"showParticleSystems":true},"in2DMode":false,"pivot":{"x":2.6198272705078127,"y":1.8795700073242188,"z":-23.95748519897461},"rotation":{"x":0.20566555857658387,"y":0.6893603801727295,"z":-0.21461129188537599,"w":0.6606254577636719},"size":83.97480773925781,"orthographic":false}