{"cameraMode":{"drawMode":0,"name":"Shaded","section":"Shading Mode"},"sceneLighting":true,"audioPlay":false,"sceneViewState":{"showFog":true,"showMaterialUpdate":false,"showSkybox":true,"showFlares":true,"showImageEffects":true,"showParticleSystems":true},"in2DMode":false,"pivot":{"x":-8.964056015014649,"y":10.797491073608399,"z":1.0566425323486329},"rotation":{"x":-0.028681404888629915,"y":0.9671909213066101,"z":-0.12724456191062928,"w":-0.21800895035266877},"size":22.90095329284668,"orthographic":false}