{"cameraMode":{"drawMode":0,"name":"Shaded","section":"Shading Mode"},"sceneLighting":true,"audioPlay":false,"sceneViewState":{"showFog":true,"showMaterialUpdate":false,"showSkybox":true,"showFlares":true,"showImageEffects":true,"showParticleSystems":true},"in2DMode":false,"pivot":{"x":5.717529296875,"y":13.597542762756348,"z":-0.36874639987945559},"rotation":{"x":0.11357901245355606,"y":-0.1351792812347412,"z":0.015600347891449929,"w":0.9841662049293518},"size":4.276238918304443,"orthographic":true}